НАЗВАНИЕ,АДРЕС,РЕЖИМ РАБОТЫ
АВИАПАРК,"Москва г, Ходынский б-р, дом № 4",Время работы: 10:00-22:00
КОЛУМБУС,"Москва г, Кировоградская ул, дом № 13, корпус А",Время работы: 10:00-22:00
МЕГА БЕЛАЯ ДАЧА,"Московская обл, Люберецкий р-н, Котельники г, 1-й Покровский проезд, дом № 5",Время работы: 10:00-23:00
АДМИРАЛ,"Санкт-Петербург г, Малая Морская ул, дом № 4/1",Время работы: 10:00-22:00
КРАСНАЯ ПЛОЩАДЬ,"Краснодарский край, Краснодар г, Дзержинского ул, дом № 100",Время работы: 10:00-22:00
ГРАНД КАНЬОН,"Санкт-Петербург г, Энгельса пр-кт, дом № 154, корпус А",Время работы: 10:00-22:00
МЕГАНОМ,"Крым Респ, Симферополь г, Евпаторийское ш, дом № 8",Время работы: 10:00-21:00
БАЛКАНСКИЙ,"Санкт-Петербург г, Балканская пл, дом № 5",Время работы: 10:00-21:00
СИБИРСКИЙ МОЛЛ,"Новосибирская обл, Новосибирск г, Фрунзе ул, дом № 238",Время работы: 10:00-22:00
КОЛИЗЕЙ,"Пермский край, Пермь г, Куйбышева ул, дом № 16",Время работы: 10:00-21:00
СТРИТ СОВЕТОВ,"Краснодарский край, Новороссийск г, Центральный округ, Советов ул/Карла Маркса, дом № 42/11",Время работы: 10:00-21:00
ВОРОШИЛОВСКИЙ,"Волгоградская обл, Волгоград г, Рабоче-Крестьянская ул, дом № 9Б",Время работы: 10:00-22:00
РИО,"Московская обл, Коломна г, Октябрьской революции ул, дом № 362",Время работы: 10:00-22:00
ЦУМ,"Хабаровский край, Комсомольск-на-Амуре г, Мира пр-кт, дом № 37",Время работы: 10:00-20:00
КАСКАД,"Омская обл, Омск г, Карла Маркса пр-кт, дом № 24",Время работы: 10:00-21:00
АРЕНА,"Иркутская обл, Братск г, Крупской ул, дом № 56",Время работы: 10:00-20:00
Рубин,"Тверская обл, Тверь г, пр-т Калинина, дом № 15, корпус 1",Время работы: 10:00-22:00
СТРИТ ЛЕНИНА,"Тульская обл, Тула г, Проспект Ленина, дом № 67",Время работы: 10:00-21:00
ВЕРШИНА,"Ставропольский край, Ессентуки г, Октябрьская ул, дом № 339",Время работы: 10:00-22:00
ЦУМ,"Орловская обл, Орловский р-н, Орел г, Мира пл, дом № 1",Время работы: 10:00-21:00
ГУДОК,"Самарская обл, Самара г, Красноармейская ул, дом № 131",Время работы: 10:00-22:00
УНИВЕРМАГ,"Оренбургская обл, Орск г, Васнецова ул, дом № 16",Время работы: 10:00-21:00
ЕВРОПА 50,"Курская обл, Курск г, Карла Маркса ул, дом № 10",Время работы: 10:00-22:00
СТРИТ,"Амурская обл, Благовещенск г, 50 лет Октября ул, дом № 28",Время работы: 10:00-20:00
РУСЬ,"Великий Новгород г., Великий Новгород г, Большая Санкт-Петербургская ул, дом № 25",Время работы: 10:00-21:00
РИО,"Вологодская обл, Вологда г, Окружное шоссе ул, дом № 12",Время работы: 10:00-21:00
СТРИТ КИРОВА,"Ростовская обл, Батайск г, Кирова ул, дом № 15 оф.1",Время работы: 9:00-20:00
СТРИТ,"Ханты-Мансийский Автономный округ - Югра АО, Нефтеюганск г, 1-й мкр, дом № 2",Время работы: 10:00-21:00
СТРИТ ЛЕНИНСКИЙ,"Красноярский край, Норильск г, Ленинский пр-кт, дом № 12",Время работы: 11:00-21:00
ВЕРШИНА,"Ставропольский край, Минеральные Воды г, 22 Партсъезда пр-кт, дом № 102 / Советская ул  дом 28",Время работы: 10:00-22:00
МАЯК,"Московская обл, Дубна г, Боголюбова пр-кт, дом № 24, корпус А",Время работы: 10:00-22:00
ЕВРОПЕЙСКИЙ,"Москва г, Киевского Вокзала пл, дом № 2","Время работы: Пн-Чт, Вс 10:00-22:00; Пт-Сб 10:00-23:00"
АВЕНЮ ЮГО-ЗАПАДНАЯ,"Москва г, проспект Вернадского, дом № 86 А",Время работы: 10:00-22:00
РИВЬЕРА,"Липецкая обл, Липецк г, Катукова ул, дом № 51",Время работы: 10:00-22:00
МЕГА ТЕПЛЫЙ СТАН,"Московская обл, Ленинский р-н, 21 км Калужское шоссе",Время работы: 10:00-23:00
СТРИТ,"Хабаровский край, Хабаровск г, Муравьева-Амурского ул, дом № 25",Время работы: 10:00-21:00
РИО,"Белгородская обл, Белгород г, Б.Хмельницкого пр-кт, дом № 164",Время работы: 10:00-22:00
ДОМОДЕДОВСКИЙ,"Москва г, Ореховый б-р, дом № 14, корпус 3",Время работы: 10:00-22:00
БУМ,"Москва г, Перерва ул, дом № 43, корпус 1",Время работы: 10:00-22:00
21 ВЕК,"Калужская обл, Калуга г, Кирова ул, дом № 2",Время работы: 10:00-21:00
ЧЕРЕМУШКИ,"Приморский край, Владивосток г, Черемуховая ул, дом № 15",Время работы: 10:00-21:00
КАСКАД,"Чувашская Республика - Чувашия, Чебоксары г, Президентский б-р, дом № 20",Время работы: 10:00-21:00
ПИОНЕР,"Алтайский край, Барнаул г, Ленина пр-кт, дом № 102, корпус В",Время работы: 10:00-22:00
СТРИТ ГОГОЛЕВСКИЙ,"Ростовская обл, Таганрог г, Гоголевский пер, дом № 29",Время работы: 9:00-20:00
СМАЙЛ CITY,"Томская обл, Томск г, Котовского ул, дом № 19, корпус 1",Время работы: 10:00-21:00
Седьмое небо,"Нижегородская обл, Нижний Новгород г, Бетанкура ул, дом № 1",Время работы: 10:00-22:00
НОГИНСКИЙ,"Московская обл, Ногинский р-н, Ногинск г, Комсомольская ул, дом № 26",Время работы: 10:00-21:00
ВИТ,"Московская обл, Пушкинский р-н, Пушкино г, Чехова ул, дом № 12",Время работы: 10:00-22:00
НЕВСКИЙ АТРИУМ,"Санкт-Петербург г, Марата ул, дом № 1/71",Время работы: 10:00-22:00
ЖЕМЧУЖИНА СИБИРИ,"Тюменская обл, Тобольск г, 7 мкр, дом № 30",Время работы: 10:00-22:00
ИЮНЬ,"Московская обл, Красногорский р-н, Красногорск г, Знаменская ул, дом № 5",Время работы: 10:00-22:00
МЕГА,"Приморский край, Находка г, Спортивная ул, дом № 2",Время работы: 10:00-20:00
ПАРК ХАУС,"Татарстан Респ, Казань г, Ямашева пр-кт, дом № 46, корпус 33",Время работы: 10:00-22:00
ПЛАНЕТА,"Красноярский край, Красноярск г, 9 Мая ул, дом № 77",Время работы: 10:00-22:00
АЛМАЗ,"Челябинская обл, Челябинск г, Копейское шоссе, дом № 64",Время работы: 10:00-22:00
СТРИТ,"Свердловская обл, Екатеринбург г, Вайнера ул, дом № 16",Время работы: 10:00-22:00
ЯРМАРКА,"Астраханская обл, Астрахань г, Вокзальная пл, дом № 13, корпус А",Время работы: 10:00-22:00
ГАЛЕРЕЯ ЧИЖОВА,"Воронежская обл, Воронеж г, Кольцовская ул, дом № 35",Время работы: 10:00-22:00
ЕВРОПА,"Калининградская обл, Калининград г, Театральная ул, дом № 30, корпус А","Время работы: Пн-Чт, Вс 10:00-21:00; Пт-Сб 10:00-22:00"
АКАДЕМ ПАРК,"Санкт-Петербург г, Гражданский пр-кт, дом № 41, корпус 2 Литера Б",Время работы: 10:00-22:00
МИРАЖ,"Москва г, Волгоградский пр-кт, дом № 125",Время работы: 10:00-21:00
ЖЕМЧУЖНАЯ ПЛАЗА,"Санкт-Петербург г, Петергофское ш, дом № 51, корпус А",Время работы: 10:00-22:00
САЛАРИС,"Москва г, Московский п, Киевское шоссе 23 км, дом № 1",Время работы: 10:00-22:00
ПЛАНЕТА,"Башкортостан Респ, Уфимский р-н, Уфа г, Энтузиастов ул, дом № 20",Время работы: 10:00-22:00
ВЕРСАЛЬ,"Новосибирская обл, Новосибирск г, им. Карла Маркса пл, дом № 3",Время работы: 10:00-22:00
ТЦ Я,"Кемеровская область - Кузбасс, Кемерово г, Кузнецкий пр-кт, строение 33б",Время работы: 10:00-21:00
МЕГА АКСАЙ,"Ростовская обл, Аксайский р-н, Аксай г, Аксайский проспект, дом № 23",Время работы: 10:00-22:00
ГАЛЕРЕЯ,"Краснодарский край, г. Краснодар, Западный округ, ул. им. Володи Головатого, дом № 313, Литера А, А1",Время работы: 10:00-22:00
КОСМОПОРТ,"Самарская обл, Самара г, Дыбенко ул, дом № 30",Время работы: 10:00-22:00
ЮЖНЫЙ,"Татарстан Респ, Казань г, Проспект Победы, дом № 91",Время работы: 10:00-22:00
КРИСТАЛЛ,"Тюменская обл, Тюмень г, Дмитрия Менделеева ул, дом № 1, корпус а",Время работы: 10:00-22:00
СЕМЬЯ,"Башкортостан Респ, Уфа г, Октября пр-кт, дом № 34",Время работы: 10:00-22:00
ЛАДЬЯ,"Москва г, Дубравная ул, дом № 34/29",Время работы: 10:00-22:00
АУРА,"Ярославская обл, Ярославль г, Победы ул, дом № 41",Время работы: 10:00-22:00
ЩЕЛКОВСКИЙ,"Москва г, Щёлковское ш, дом № 75",Время работы: 10:00-22:00
BB PASAGE,"Краснодарский край, Геленджик г, ул Ленина  дом 10/Островского ул, дом № 6",Время работы: 10:00-21:00
МЕТРОПОЛИС,"Москва г, Ленинградское ш, дом № 16А, корпус 4",Время работы: 10:00-23:00
ГАЛЕРЕЯ,"Санкт-Петербург г, Лиговский пр-кт, дом № 30",Время работы: 10:00-23:00
ЦЕНТРАЛЬНЫЙ,"Московская обл, Подольск г, Большая Серпуховская ул, дом № 5",Время работы: 10:00-21:00
ОМЕГА,"Татарстан Респ, Набережные Челны г, Сююмбике пр-кт, дом № 2, корпус 19",Время работы: 9:00-21:00
РОДНИК,"Челябинская обл, Челябинск г, Труда ул, дом № 203",Время работы: 10:00-22:00
КРАСНЫЙ КИТ,"Московская обл, Мытищи г, Шараповский проезд, дом № 2",Время работы: 10:00-22:00
ПАРК,"Ростовская обл, Ростов-на-Дону г, Космонавтов пр-кт, дом № 19, корпус а",Время работы: 10:00-22:00
МЕГА ХИМКИ,"Московская обл, Химки г, 8 Микрорайон ул, корпус 2","Время работы: Пн-Чт, Вс 10:00-23:00; Пт-Сб 10:00-24:00"
РОЙЯЛ ПАРК,"Новосибирская обл, Новосибирск г, Красный проспект, дом № 101",Время работы: 10:00-22:00
ПЛАЗА,"Калининградская обл, Калининград г, Ленинский пр-кт, дом № 30, ТЦ Калининград Плаза",Время работы: 10:00-21:00
СТРИТ ДЕМОКРАТИЧЕСКАЯ,"Краснодарский край, Сочи г, Демократическая ул, дом № 8",Время работы: 9:00-22:00
НОВОГИРЕЕВО,"Москва г, Зелёный пр-кт, дом № 83",Время работы: 10:00-22:00
ЩУКА,"Москва г, Щукинская ул, дом № 42",Время работы: 10:00-22:00
МУРАВЕЙ,"Нижегородская обл, Нижний Новгород г, Ленина пр-кт, дом № 33",Время работы: 9:00-21:00
АУРА,"Ханты-Мансийский Автономный округ - Югра АО, Сургут г, Нефтеюганское шоссе, дом № 1",Время работы: 10:00-22:00
СТРИТ ГОРЬКОГО,"Краснодарский край, Анапский р-н, Анапа г, Горького/Гребенская ул, дом № 9а/3а",Время работы: 9:00-22:00
"ТЦ Европолис Ростокино, 1 этаж","Москва г, Мира пр-кт, дом № 211, корпус 2",Время работы: 10:00-22:00
ДИРИЖАБЛЬ,"Свердловская обл, Екатеринбург г, Академика Шварца ул, дом № 17",Время работы: 10:00-22:00
XL ДМИТРОВКА,"Москва г, Дмитровское ш, дом № 89",Время работы: 10:00-22:00
МЕГА НОВОСИБИРСК,"Новосибирская обл, Новосибирск г, Ватутина ул, дом № 107",Время работы: 10:00-22:00
МЕГА ДЫБЕНКО,"Ленинградская обл, Всеволожский р-н, Кудрово д, Мурманское ш. 12 км.","Время работы: Пн-Чт, Вс 10:00-22:00; Пт-Сб 10:00-23:00"
РЕЧНОЙ,"Москва г, Фестивальная ул, дом № 2, корпус Б",Время работы: 10:00-22:00
ВОЛГА МОЛЛ,"Волгоградская обл, Волжский г, Александрова ул, дом № 18А",Время работы: 10:00-22:00
ГАЛАКТИКА,"Краснодарский край, Краснодар г, ул. Уральская, дом № 98, корпус 11",Время работы: 10:00-22:00
СИЛЬВЕР МОЛЛ,"Иркутская обл, Иркутск г, Сергеева ул, дом № 3, корпус 5",Время работы: 10:00-22:00
МОРЕ МОЛЛ,"Краснодарский край, Сочи г, Новая Заря ул, дом № 7",Время работы: 10:00-22:00
на Свободном,"Красноярский край, Красноярск г, Телевизорная ул, дом № 1, строение 90",Время работы: 10:00-22:00
СЕННАЯ,"Санкт-Петербург г, Ефимова ул, дом № 3, корпус С",Время работы: 10:00-22:00
ТОРГОВЫЙ КВАРТАЛ,"Московская обл, Домодедово г, Северный мкр., строение 3а",Время работы: 10:00-22:00
АРЕНА,"Воронежская обл, Воронеж г, Победы б-р, дом № 23б",Время работы: 10:00-22:00
МЕГАЦЕНТР КОСМОС,"Ставропольский край, Ставрополь г, Доваторцев ул, дом № 75, корпус а",Время работы: 10:00-22:00
ТРИУМФ ПЛАЗА,"Калужская обл, Обнинск г, Маркса пр-кт, дом № 45",Время работы: 10:00-22:00
СТРИТ НОГИНА,"Московская обл, Раменский р-н, Раменское г, Ногина ул, дом № 2",Время работы: 10:00-21:00
КОСМОС,"Челябинская обл, Челябинск г, Чичерина ул, дом № 28",Время работы: 10:00-22:00
СОЛНЕЧНЫЙ,"Ямало-Ненецкий АО, Новый Уренгой г, Сибирская ул, дом № 26",Время работы: 10:00-22:00
ЮНИОН,"Московская обл, дом № 5, кв.квартира Балашиха квартира Железнодорожный квартира Советская",Время работы: 10:00-21:00
МЕРКУРИЙ,"Санкт-Петербург г, Савушкина ул, дом № 141",Время работы: 10:00-22:00
ШОКОЛАД,"Московская обл, Реутов г, МКАД 2 км ул, дом № 2",Время работы: 10:00-22:00
РИО ДМИТРОВСКАЯ,"Москва г, Дмитровское ш, дом № 163А, корпус 1",Время работы: 10:00-22:00
КОНТИНЕНТ СТАЧЕК,"Санкт-Петербург г, Стачек пр-кт, дом № 99",Время работы: 10:00-22:00
МАКСИ,"Смоленская обл, Смоленск г, 25 Сентября ул, дом № 35, корпус А",Время работы: 10:00-21:00
КОРСТОН,"Московская обл, Серпухов г, Борисовское ш, дом № 1",Время работы: 10:00-22:00
АЛИМПИК,"Астраханская обл, Астрахань г, Боевая ул, дом № 25А",Время работы: 10:00-22:00
ТАЛЕР,"Ростовская обл, Ростов-на-Дону г, Зорге ул, дом № 33",Время работы: 10:00-22:00
СИТИ МОЛЛ,"Сахалинская обл, Южно-Сахалинск г, 2-я Центральная, дом № 1, корпус Б",Время работы: 10:00-21:00
ФАБРИ,"Башкортостан Респ, Стерлитамак г, Худайбердина ул, дом № 120",Время работы: 10:00-22:00
ДОМ ОДЕЖДЫ 2,"Хабаровский край, Хабаровск г, Карла Маркса ул, дом № 59",Время работы: Пн-Сб 10:00-20:00; Вс 10:00-19:00
ПАРК ХАУС ,"Самарская обл, Тольятти г, Автозаводское ш, дом № 6",Время работы: 10:00-22:00
АКВА МОЛЛ,"Ульяновская обл, Ульяновск г, Московское шоссе, дом № 108",Время работы: 11:00-22:00
СИТИ МОЛЛ,"Кемеровская обл, Новокузнецк г, Кирова ул, дом № 55",Время работы: 10:00-22:00
FORT Отрадное,"Москва г, Декабристов ул, дом № 12",Время работы: 10:00-22:00
СИТИ МОЛЛ,"Ханты-Мансийский Автономный округ - Югра АО, Сургут г, Югорский тракт, дом № 38",Время работы: 10:00-22:00
ТОРГОВЫЕ РЯДЫ,"Владимирская обл, Владимир г, Большая Московская ул, дом № 19, корпус А",Время работы: 10:00-22:00
АТМОСФЕРА,"Санкт-Петербург г, Комендантская пл, дом № 1",Время работы: 10:00-22:00
ГОСТИНЫЙ ДВОР,"Челябинская обл, Магнитогорск г, проспект Карла Маркса, дом № 153",Время работы: 10:00-21:00
СТРИТ САДОВАЯ,"Ростовская обл, Ростов-на-Дону г, Шаумяна ул, дом № 35/50",Время работы: 10:00-22:00
СПЕКТР,"Москва г, Новоясеневский пр-кт, дом № 1",Время работы: 10:00-22:00
SEA MALL,"Севастополь, Генерала Острякова проспект, дом № 260",Время работы: 10:00-21:00
МЕГА,"Адыгея Респ, Тахтамукайский р-н, Новая Адыгея, Новая Адыгея аул, Тургеневское шоссе ул, дом № 27",Время работы: 10:00-22:00
СЕМЕНОВСКИЙ,"Москва г, Семеновская площадь, дом № 1",Время работы: 10:00-22:00
СТРИТ ЛЕНИНА,"Крым Респ, Ялта г, Ленина В.И. имени наб., дом № 15",Время работы: 10:00-22:30
ПРЕМЬЕР,"Рязанская обл, Рязань г, Московское ш, дом № 21",Время работы: 10:00-22:00
АВРОРА,"Ставропольский край, Ставрополь г, К.Маркса пр-кт, дом № 63",Время работы: 10:00-21:00
СТРИТ ТАЛСИНСКАЯ,"Московская обл, Щелковский р-н, Щелково г, Талсинская ул, дом № 2",Время работы: 10:00-21:00
КОНТИНЕНТ,"Челябинская обл, Магнитогорск г, пр-кт Ленина, дом № 83",Время работы: 10:00-21:00
СТОЛИЦА,"Удмуртская Респ, Ижевск г, Автозаводская ул, дом № 3А",Время работы: 10:00-21:00
АКВАРЕЛЬ,"Волгоградская обл, Волгоград г, Университетский пр-кт, дом № 107",Время работы: 10:00-21:00
МАЛЫЙ ГУМ,"Приморский край, Владивосток г, Светланская ул, дом № 45",Время работы: 10:00-20:00
ОХТА МОЛЛ,"Санкт-Петербург г, Брантовская дор, дом № 3",Время работы: 10:00-22:00
ОРЕХ,"Московская обл, Орехово-Зуево г, Ленина ул, дом № 78",Время работы: 10:00-22:00
СТРИТ СМИРНОВСКАЯ,"Московская обл, Люберецкий р-н, Люберцы г, Смирновская ул, дом № 19",Время работы: 10:00-22:00
ГОРОД НА РЯЗАНКЕ,"Москва г, Рязанский пр-кт, дом № 2, корпус 2",Время работы: 10:00-22:00
ТАУ ГАЛЕРЕЯ,"Саратовская обл, Саратов г, Дачная 3-я ул, дом № 1",Время работы: 10:00-22:00
МЕГАТОРГ,"Владимирская обл, Владимир г, Тракторная ул, дом № 45",Время работы: 10:00-22:00
ЛЕТО,"Санкт-Петербург г, Пулковское ш, дом № 25, корпус 1",Время работы: 10:00-22:00
СТРИТ ЛЕНИНА,"Забайкальский край, Чита г, Ленина ул, дом № 122, корпус 5",Время работы: 10:00-21:00
СЕРЕБРЯНЫЙ ГОРОД,"Ивановская обл, Иваново г, 8 Марта ул, дом № 32",Время работы: 10:00-22:00
МОДНЫЙ КВАРТАЛ,"Иркутская обл, Иркутск г, 3 Июля ул, дом № 25",Время работы: 10:00-22:00
ПАРК ПЛАЗА,"Московская обл, Электросталь г, Корешкова ул, дом № 3",Время работы: 10:00-22:00
МУРМАНСК МОЛЛ,"Мурманская обл, Мурманск г, Ленина пр-кт, дом № 32",Время работы: 10:00-22:00
ОЛИМП,"Татарстан Респ, Нижнекамский р-н, Нижнекамск г, Баки Урманче ул, дом № 15",Время работы: 9:00-21:00
ТРИУМФ МОЛЛ,"Саратовская обл, Саратов г, им Зарубина В.С. ул, дом № 167",Время работы: 10:00-22:00
СТОЛИЦА,"Северная Осетия - Алания Респ, Владикавказ г, Астана Кесаева ул, дом № 2, корпус а",Время работы: 10:00-21:00
ЛОТОС ПЛАЗА,"Карелия Респ, Петрозаводск г, Лесной проспект, дом № 47, корпус А",Время работы: 10:00-22:00
ОХОТНЫЙ РЯД,"Москва г, Манежная пл, дом № 1, корпус 2",Время работы: 10:00-22:00
ПРИОРИТЕТ,"Ростовская обл, Шахты г, Шевченко ул, дом № 125",Время работы: 9:00-19:00
ПАРК,"Тверская обл, Тверь г, Октябрьский пр-кт, дом № 103",Время работы: 10:00-22:00
КАРНАВАЛ,"Свердловская обл, Екатеринбург г, Халтурина ул, дом № 55",Время работы: 10:00-22:00
АШАН ГАГАРИНСКИЙ,"Москва г, Вавилова ул, дом № 3",Время работы: 9:00-22:00
МАРМЕЛАД,"Волгоградская обл, Волгоград г, им Землячки ул, дом № 110, литера Б",Время работы: 10:00-22:00
РИО,"Мордовия Респ, Саранск г, ул. Советская, дом № 55А",Время работы: 10:00-22:00
РАЙКИН ПЛАЗА,"Москва г, Шереметьевская ул, дом № 6, корпус 1",Время работы: 10:00-22:00
ИРИДИУМ,"Москва г, Зеленоград г, Крюковская пл, дом № 1",Время работы: 10:00-22:00
МАНЕЖ,"Саратовская обл, Саратов г, пр-кт Кирова, дом № 27",Время работы: 10:00-21:00
МАКСИ,"Вологодская обл, Череповец г, Победы пр-кт, дом № 200, ТЦ Макси",Время работы: 10:00-21:00
КРАСНЫЙ КИТ,"Московская обл, Красногорский р-н, Красногорск г, Ленина ул, дом № 2",Время работы: 10:00-22:00
АЭРОПАРК,"Брянская обл, Брянск г, Объездная ул, дом № 32",Время работы: 10:00-22:00
ЕВРОПА,"Алтайский край, Барнаул г, Павловский тракт, дом № 251, корпус В",Время работы: 10:00-22:00
ПАССАЖ,"Пензенская обл, Пенза г, Московская ул, дом № 83",Время работы: 9:00-21:00
СТРИТ ГОГОЛЯ,"Адыгея Респ, Майкоп г, Гоголя ул, дом № 45",Время работы: 9:00-19:00
ЭДЕМ,"Новосибирская обл, Новосибирск г, Кутателадзе ул, дом № 4",Время работы: 10:00-22:00
ЦУМ,"Нижегородская обл, Дзержинск г, Гайдара ул, дом № 61",Время работы: 9:00-20:00
СТРИТ КАРЛА МАРКСА,"Крым респ, Симферополь г, Карла Маркса ул, дом № 8б, 1",Время работы: 10:00-21:00
МЕЛЬНИЦА,"Брянская обл, Брянск г, Красноармейская ул, дом № 100",Время работы: 09:00-21:00
ШАМСА,"Камчатский край, Петропавловск-Камчатский г, Победы пр-кт, дом № 67",Время работы: 10:00-21:00
ГАЛЕРЕЯ,"Ставропольский край, Пятигорск г, Кирова пр-кт, дом № 65",Время работы: 10:00-22:00
ГОСТИНЫЙ ДВОР,"Тульская обл, Тула г, Советская ул, дом № 47",Время работы: 10:00-22:00
МЕГА,"Омская обл, Омск г, Архитекторов б-р, дом № 35",Время работы: 10:00-22:00
РУСЬ НА ВОЛГЕ,"Самарская обл, Тольятти г, Революционная ул, дом № 52, корпус А",Время работы: 10:00-22:00
СИТИ МОЛЛ,"Тюменская обл, Тюмень г, Тимофея Чаркова ул, дом № 60",Время работы: 10:00-22:00
ЗАНЕВСКИЙ КАСКАД,"Санкт-Петербург г, Заневский пр-кт, дом № 67, корпус корпус 3  Литер А",Время работы: 10:00-22:00
НЕБО,"Ханты-Мансийский Автономный округ - Югра АО, Ханты-Мансийск г, Мира ул, дом № 45",Время работы: 10:00-21:00
КОЛЬЦО,"Челябинская обл, Челябинск г, Дарвина ул, дом № 18",Время работы: 10:00-22:00
ИЮНЬ,"Санкт-Петербург г, Индустриальный пр-кт, дом № 24",Время работы: 10:00-22:00
ФЕСТИВАЛЬ,"Иркутская обл, Ангарск г, 192-й кв-л, дом № 12",Время работы: 10:00-21:00
БОШЕ,"Белгородская обл, Старооскольский р-н, Старый Оскол г, Ольминского мкр, дом № 17",Время работы: 10:00-21:00
АРМАДА,"Оренбургская обл, Оренбург г, Шарлыкское ш, дом № 1/2",Время работы: 10:00-22:00
СВИБЛОВО,"Москва г, Снежная ул, дом № 27",Время работы: 10:00-22:00
АУРА,"Новосибирская обл, Новосибирск г, Военная ул, дом № 5",Время работы: 10:00-22:00
РИО,"Тамбовская обл, Тамбов г, Советская ул, дом № 99, корпус а",Время работы: 10:00-22:00
СТРИТ МОСКОВСКАЯ,"Ростовская обл, Новочеркасск г, Московская ул, дом № 5/21",Время работы: 9:00-21:00
КАЗАНЬ МОЛЛ,"Татарстан респ, Казань г, Павлюхина ул, дом № 91",Время работы: 10:00-22:00
КУРС,"Московская обл, Ступинский р-н, Ступино г, Победы пр-кт, дом № 63, корпус А",Время работы: 10:00-22:00
КОНТИНЕНТ НА ЗВЕЗДНОЙ,"Санкт-Петербург г, Ленсовета ул, дом № 97, корпус А",Время работы: 10:00-22:00
ТАЛИСМАН,"Удмуртская Респ, Ижевск г, Холмогорова ул, дом № 11",Время работы: 10:00-22:00
ТИТАН АРЕНА,"Архангельская обл, Архангельск г, Воскресенская ул, дом № 20",Время работы: 10:00-21:00
КАЛУЖСКИЙ,"Москва г, Профсоюзная ул, дом № 61, корпус а",Время работы: 10:00-22:00
МИЛЯ,"Москва г, Генерала Кузнецова ул, дом № 22",Время работы: 10:00-22:00
СТРИТ НАХИМОВА,"Севастополь г, Нахимова пр-кт, дом № 1",Время работы: 10:00-21:00
РАДУГА,"Санкт-Петербург г, Космонавтов пр-кт, дом № 14",Время работы: 10:00-22:00
СТРИТ ГОГОЛЯ,"Новосибирская обл, Новосибирск г, Гоголя ул, дом № 7",Время работы: 10:00-21:00
ФИЛИОН,"Москва г, Багратионовский пр-д, дом № 5",Время работы: 10:00-22:00
КАЛИНА,"Хакасия Респ, Абакан г, Некрасова ул, дом № 31",Время работы: 10:00-21:00
ЕВРОЛЭНД,"Ивановская обл, Иваново г, Куконковых ул, дом № 141, корпус А-А24",Время работы: 9:00-21:00
ВОСКРЕСЕНЬЕ,"Алтайский край, Бийск г, Мухачева ул, дом № 200",Время работы: 10:00-21:00
ОСТРОВА,"Амурская обл, Благовещенск г, Мухина ул, дом № 114",Время работы: 10:00-22:00
ТОПОЛЬ,"Ивановская обл, Иваново г, Лежневская ул, дом № 55",Время работы: 10:00-22:00
ОКЕАН,"Московская обл, Жуковский г, Гагарина ул, дом № 67",Время работы: 10:00-22:00
ВОЯЖ,"Тюменская обл, Тюмень г, Герцена ул, дом № 94",Время работы: 10:00-22:00
КАЛЕЙДОСКОП,"Москва г, Сходненская ул, дом № 56",Время работы: 10:00-22:00
"Jam Молл, 1 этаж","Кировская обл, Киров г, Горького ул, дом № 5а",Время работы: 10:00-22:00
ИЮНЬ,"Красноярский край, Красноярск, Партизана Железняка ул, дом № 23",Время работы: 10:00-22:00
Дарья,"Московская обл, Клинский р-н, Клин г, Карла Маркса ул, дом № 4",Время работы: 10:00-22:00
КАРАМЕЛЬ,"Иркутская обл, Иркутск г, Партизанская ул, дом № 36",Время работы: 10:00-22:00
ТАГАНКА,"Москва г, Таганская ул, дом № 2",Время работы: 9:00-21:00
SUNRISE CITY,"Татарстан Респ, Набережные Челны г, Сююмбике пр-кт, дом № 40",Время работы: 10:00-22:00
ПУШКИНСКИЙ,"Курская обл, Курск г, Ленина ул, дом № 30",Время работы: 10:00-22:00
МАКСИ,"Карелия Респ, Петрозаводск г, Ленина пр-кт, дом № 14",Время работы: 10:00-21:00
СОЛНЕЧНЫЙ,"Тюменская обл, Тюмень г, Пермякова ул, дом № 50, корпус Б",Время работы: 10:00-22:00
ПИК,"Псковская обл, Псков г, Юбилейная ул, дом № 68",Время работы: 10:00-21:00
ЕВРОПА,"Курская обл, Курск г, Студенческая ул, дом № 1",Время работы: 10:00-22:00
ИЗУМРУДНЫЙ ГОРОД,"Томская обл, Томск г, Комсомольский пр-кт, дом № 13, корпус Б",Время работы: 10:00-22:00
КИТ,"Свердловская обл, Нижний Тагил г, Черноисточинское ш, дом № 49, корпус А",Время работы: 10:00-21:00
УЛЬТРА,"Башкортостан Респ, Уфа г, Бакалинская ул, дом № 27",Время работы: 10:00-22:00
ПУШКИНО ПАРК,"Московская обл, Пушкинский муниципальный р-н, городское поселение Пушкино, Пушкино г, Красноармейское шоссе, строение 104",Время работы: 10:00-22:00
КАПИТОЛИЙ,"Московская обл, Подольск г, Большая Серпуховская ул, дом № 45",Время работы: 10:00-22:00
ГЛОБУС,"Свердловская обл, Екатеринбург г, Щербакова ул, дом № 4",Время работы: 10:00-22:00
КАПИТОЛИЙ,"Московская обл, Сергиево-Посадский р-н, Сергиев Посад г, Новоугличское шоссе, дом № 85",Время работы: 10:00-22:00
ТЦ Универмаг,"Белгородская обл, Белгород г, Попова ул, дом № 36",Время работы: 10:00-21:00
РЕУТОВ ПАРК,"Московская обл, Реутов г, Носовихинское ш, дом № 45",Время работы: 10:00-22:00
"КОЛУМБ, 1 этаж","Тюменская обл, Тюмень г, Московский тракт ул., дом № 118",Время работы: 10:00-22:00
КС,"Челябинская обл, Челябинск г, Черкасская ул, дом № 15",Время работы: 10:00-21:00
МЕГАМАГ,"Ростовская обл, Ростов-на-Дону г, Пойменная ул, дом № 1",Время работы: 10:00-22:00
СТРИТ ЛЕНИНА,"Бурятия Респ, Улан-Удэ г, Ленина ул, дом № 25",Время работы: 10:00-21:00
ИЮНЬ,"Московская обл, Мытищи г.о., Мытищи г, Мира ул, дом № 51",Время работы: 10:00-22:00
ГАЛИОН,"Московская обл, Балашихинский р-н, Балашиха г, Энтузиастов ш, дом № 54, корпус А",Время работы: 10:00-21:00
СТРИТ СТРОИТЕЛЕЙ,"Ростовская обл, Волгодонск г, Строителей пр-кт, дом № 21",Время работы: 9:00-20:00
АЛЬТАИР,"Ярославская обл, Ярославль г, Ленинградский пр-кт, дом № 123",Время работы: 10:00-22:00
ТЦ ЛУЧ,"Нижегородская обл, Нижний Новгород г, Коминтерна ул, дом № 115",Время работы: 9:00-21:00
ВИКТОРИЯ ПЛАЗА,"Рязанская обл, Рязань г, Первомайский пр-кт, дом № 70, корпус 1",Время работы: 10:00-22:00
СБС МЕГАМОЛЛ,"Краснодарский край, Краснодар г, Уральская ул, дом № 79/2",Время работы: 10:00-22:00
ВОСКРЕСЕНСК,"московская обл., Воскресенский р-н, Воскресенск г, Ленина пл, дом № 5",Время работы: 10:00-22:00
ДИАМАНТ,"Волгоградская обл, Волгоград г, им Дзержинского пл, дом № 1, корпус Б",Время работы: 10:00-21:00
МЕГА ГРИНН,"Орловская обл, Орловский р-н, Орел г, Кромское шоссе, дом № 4",Время работы: 10:00-22:00
ЮЖНАЯ ГАЛЕРЕЯ,"Крым Респ, Симферополь г, Киевская ул, дом № 189, корпус Б",Время работы: 10:00-21:00
ПОВОРОТ,"Московская обл, Лобня г, Краснополянский проезд, дом № 2",Время работы: 10:00-22:00
МАКСИ,"Забайкальский край, Чита г, Шилова ул, дом № 100, корпус 2",Время работы: 10:00-22:00
КУРС,"Московская обл, Балашихинский р-н, Балашиха г, Свердлова ул, дом № 1, корпус А",Время работы: 10:00-21:00
EGOMALL,"Москва г, Дежнёва проезд, дом № 21",Время работы: 10:00-22:00
ZELENOPARK,"Московская обл, Солнечногорский р-н, Зеленоград, Ржавки рп, 2-й мкр, дом № стр 20",Время работы: 10:00-22:00
СТРИТ КРЕСТОВАЯ,"Ярославская обл, Рыбинский р-н, Рыбинск г, Крестовая ул, дом № 21",Время работы: 10:00-21:00
МАРКОС МОЛЛ,"Москва г, Алтуфьевское ш, дом № 70, корпус 1",Время работы: 10:00-22:00
МОСМАРТ БОРОВСКОЕ,"Москва г, Московский п, Говорово д, МКАД 47 км, строение 20",Время работы: 10:00-22:00
СТРИТ ПОРТОВАЯ,"Магаданская обл, Магадан г, Портовая ул, дом № 9.",Время работы: 10:00-20:00
РИО,"Нижегородская обл, Нижний Новгород г, Московское ш, дом № 12",Время работы: 10:00-22:00
СОЛНЕЧНЫЙ ,"Московская обл, Солнечногорск г, Красная ул, дом № 22, корпус а",Время работы: 10:00-22:00
Торгово-Развлекательный Комплекс Москворечье,"Москва г, Каширское ш, дом № 26",Время работы: 10:00-22:00
СТРИТ ТЕЛЬМАНА,"Саратовская обл, Энгельс г, Тельмана ул, дом № 150, корпус 3",Время работы: 10:00-21:00
МЕГА НИЖНИЙ,"Нижегородская обл, Кстовский р-н, Федяково с, Семейный торговый центр МЕГА",Время работы: 10:00-22:00
ВЕРШИНА,"Ставропольский край, Пятигорск г, Ессентукская ул, дом № 31, корпус А",Время работы: 10:00-22:00
ГОРОД ЛЕФОРТОВО,"Москва г, Энтузиастов ш, дом № 12, корпус 2",Время работы: 10:00-22:00
СТРИТ ПРОСПЕКТ АВТОЗАВОДЦЕВ,"Челябинская обл, Миасс г, Автозаводцев пр-кт, дом № 61А",Время работы: 10:00-21:00
СТРИТ ПРОСПЕКТ ПОБЕДЫ,"Крым Респ, Евпатория г, Интернациональная ул, дом № 130, корпус 3",Время работы: 9:00-20:00
НЕБО,"Нижегородская обл, Нижний Новгород г, Большая Покровская ул, дом № 82",Время работы: 10:00-22:00
ЮЖНЫЙ ПОЛЮС,"г. Санкт-Петербург, ул. Пражская, д.48/50, литера А",Время работы: 10:00-22:00
ЯРКОМОЛЛ,"Иркутская обл, Иркутск г, Верхняя Набережная ул, дом № 10",Время работы: 10:00-22:00
ФАНТАСТИКА,"Нижегородская обл, Нижний Новгород г, Родионова ул, дом № 187В",Время работы: 10:00-22:00
МАКСИ,"Архангельская обл, Северодвинск г, Архангельское шоссе, дом № 120",Время работы: 10:00-21:00
ГАЛЕРЕЯ,"Кабардино-Балкарская Респ, Нальчик г, Кирова ул, дом № 1",Время работы: 10:00-22:00
ОКТЯБРЬСКИЙ,"Московская обл, Подольск г, Октябрьский пр-кт, дом № 9в",Время работы: 10:00-22:00
СТРИТ,"Краснодарский край, Сочи г, Навагинская ул, дом № 1/7",Время работы: 10:00-21:00
ОРБИТА,"Московская обл, Люберецкий р-н, Люберцы г, Октябрьский пр-кт, дом № 366",Время работы: 10:00-22:00
АМБАР,"Самарская обл, Самара г, Южное ш, дом № 5",Время работы: 10:00-22:00
ЕЛКА,"Марий Эл респ, Йошкар-Ола г, Кирова ул, дом № 6",Время работы: 10:00-22:00
БУТОВО МОЛЛ,"Москва г, Чечёрский проезд, дом № 51",Время работы: 10:00-22:00
ЛИГА,"Московская обл, Химки г, Ленинградское шоссе, дом № 5",Время работы: 10:00-22:00
МЕГА,"Башкортостан Респ, Уфимский р-н, Уфа г, свх Цветы Башкирии х, Рубежная ул, дом № 174",Время работы: 10:00-22:00
АШАН МАРФИНО,"Московская обл, Одинцово г, Марфино д, владение № 110",Время работы: 9:00-22:00
МАКСИ,"Тульская обл, Тула г, Пролетарская ул, дом № 2",Время работы: 10:00-21:00
ПИКНИК,"Московская обл, Одинцовский р-н, Новоивановское с/п, Западная ул. строение 4",Время работы: 10:00-22:00
DEPO,"Свердловская обл, Нижний Тагил г, Свердловское ш, дом № 31Б",Время работы: 10:00-22:00
МОЗАИКА,"Москва г, Кожуховская 7-я ул, дом № 9",Время работы: 10:00-22:00
КОВРОВ МОЛЛ,"Владимирская обл, Ковровский р-н, Ковров г, Лопатина ул, дом № 7, корпус А",Время работы: 10:00-21:00
ТРИ МАРТЫШКИ,"Оренбургская обл, Оренбург г, Гагарина пр-кт, дом № 48/3",Время работы: 10:00-21:00
МИРАМИКС,"Томская обл, Томск г, Мира пр-кт, дом № 36",Время работы: 10:00-21:00
ЗАРЯ,"Москва г, ВАО, Соколиная гора, Большая Семёновская ул, дом № 20, строение 1",Время работы: 10:00-22:00
ЛОНДОН МОЛЛ,"Санкт-Петербург г, Коллонтай ул, дом № 3",Время работы: 10:00-22:00
СТРИТ МОСКОВСКАЯ,"Краснодарский край, Сочи г, Московская ул, дом № 19",Время работы: 9:00-20:30
ВОДНЫЙ,"Москва г, Головинское ш, дом № 5, корпус 1",Время работы: 10:00-22:00
АРЕНА,"Красноярский край, Норильск г, Металлургов пл, дом № 10",Время работы: 10:00-22:00
ВЫХОДНОЙ,"Московская обл, Люберецкий р-н, Люберцы г, Октябрьский пр-кт, дом № 112",Время работы: 10:00-22:00
МЕГА,"Красноярский край, Красноярск г, Красноярский рабочий пр-кт, дом № 27, строение 77",Время работы: 10:00-21:00
ВЕСНА,"Московская область, Мытищинский район, Алтуфьевское шоссе  1-й километр, владение № 3, строение 1",Время работы: 10:00-22:00
МЕГА,"Самарская обл, Самара г, 24км Московского ш, дом № 5",Время работы: 10:00-22:00
СЧАСТЛИВАЯ СЕМЬЯ,"Московская обл, Сергиево-Посадский р-н, Сергиев Посад г, Вознесенская ул, дом № 32, корпус А",Время работы: 10:00-22:00
ЭЛЕКТРА,"Санкт-Петербург г, Московский пр-кт, дом № 137",Время работы: 10:00-22:00
ВИВА ЛЭНД,"Самарская обл, Самара г, Кирова пр-кт, владение № 147",Время работы: 10:00-22:00
ПЕРВОМАЙСКИЙ,"Москва г, Парковая 9-я ул, дом № 62",Время работы: 10:00-21:00
ЮГРА МОЛЛ,"Ханты-Мансийский Автономный округ - Югра АО, Нижневартовск г, Западный промышленный узел, Панель 18, Ленина ул, дом № 15/П",Время работы: 10:00-22:00
ТОРГОВЫЙ ПАВИЛЬОН,"Московская обл, Одинцово г, Привокзальная пл, дом № 7",Время работы: 9:00-20:00
КРУИЗ ,"Рязанская обл, Рязань г, Солотчинское ш, дом № 11",Время работы: 10:00-21:00
РОДЕО ДРАЙВ,"Санкт-Петербург г, Культуры пр-кт, дом № 1",Время работы: 10:00-22:00
БАЛТИЯ МОЛЛ,"Калининградская обл, Гурьевский р-н, Приморское кольцо, дом № 2","Время работы: Пн-Чт, Вс 10:00-21:00; Пт-Сб 10:00-22:00"
СТРИТ КРАСНАЯ,"Краснодарский край, Краснодар г, Красная/Карасунская ул, дом № 74/77",Время работы: 10:00-21:00
ТЦ ВЕСНА,"Алтайский край, Барнаул г, Малахова ул, дом № 86В",Время работы: 10:00-22:00
АШАН ТРОЙКА,"Москва г, Красносельская Верхн. ул, дом № 3, корпус А",Время работы: 9:00-22:00
ЖАР ПТИЦА,"Нижегородская обл, Нижний Новгород г, Советская пл, дом № 5",Время работы: 10:00-21:00
АЗОВСКИЙ,"Москва г, Азовская ул, дом № 24, корпус 3",Время работы: 10:00-22:00
РИО ,"Тульская обл, Тула г, Пролетарская ул, дом № 22А",Время работы: 10:00-21:00
КИТ,"Свердловская обл, Екатеринбург г, Амундсена ул, дом № 65",Время работы: 10:00-21:00
КАПИТОЛИЙ БЕЛЯЕВО,"Москва г, Миклухо-Маклая ул, дом № 32, корпус А",Время работы: 10:00-22:00
СТРИТ МИРА,"Краснодарский край, Армавир г, Мира ул, дом № 24, корпус А",Время работы: 9:00-19:00
ТК ОЗЕРКИ,"Санкт-Петербург г, Энгельса пр-кт, дом № 120, корпус А",Время работы: 10:00-22:00
МОСКВА,"Приморский край, Уссурийск г, Суханова ул, дом № 52",Время работы: 10:00-20:00
ПАНОРАМА,"Карачаево-Черкесская Респ,  г. Черкесск ул. Кавказская, д. 37",Время работы: 10:00-22:00
СТРИТ КОММУНАЛЬНАЯ,"Тамбовская обл, Тамбов г, Коммунальная ул, дом № 21",Время работы: 10:00-20:00
КАПИТОЛИЙ ВЕРНАДСКОГО,"Москва г, Вернадского пр-кт, дом № 6",Время работы: 10:00-22:00
ШЕКСПИР,"Ростовская обл, Азов г, Ленина ул, дом № 72",Время работы: 9:00-19:00
АПЕЛЬСИН,"Псковская обл, Великие Луки г, Вокзальная ул, дом № 11",Время работы: 10:00-21:00
ТАРЕЛКА,"Челябинская обл, Златоуст г, Айский, дом № 70",Время работы: 10:00-22:00
ВЕРНИСАЖ,"Ярославская обл, Ярославский р-н, Нагорный п, Дорожная ул, дом № 6, корпус А",Время работы: 10:00-22:00
ГАЛЕРЕЯ 9-18,"Московская обл, Ленинский р-н, Видное г, Олимпийская ул, дом № 6, корпус 1",Время работы: 10:00-22:00
АУРА,"Ямало-Ненецкий АО, Ноябрьск г, Советская ул, дом № 31, корпус а",Время работы: 10:00-20:00
САН И МАРТ,"Пензенская обл, Пенза г, Плеханова ул, дом № 19",Время работы: 09:00-21:00
ПАНФИЛОВСКИЙ,"Москва г, Зеленоград г, Панфиловский пр-кт, дом № 6А",Время работы: 10:00-22:00
КАРНАВАЛ,"Московская обл, Чеховский р-н, Чехов г, Московская ул, дом № 96",Время работы: 10:00-22:00
ПЛАНЕТА,"Пермский край, Пермь г, Космонавтов ш, дом № 162Б",Время работы: 10:00-22:00
РИО СЕВАСТОПОЛЬСКИЙ,"Москва г, ул. Большая Черемушкинская, дом № 1",Время работы: 10:00-22:00
ПЛАНЕТА,"Кемеровская область - Кузбасс, Новокузнецк г, Доз ул, дом № 10А",Время работы: 10:00-22:00
ДАНИЛОВСКИЙ,"Курганская обл, Курган г, Куйбышева ул, дом № 72б",Время работы: 10:00-20:00
ПЯТЬ ОЗЕР,"Санкт-Петербург г, Долгоозёрная ул, дом № 14",Время работы: 10:00-22:00
ЧАЙКА,"Кемеровская обл, Прокопьевск г, Гагарина пр-кт, дом № 32",Время работы: 10:00-21:00
ВЕСНА,"Московская обл, Лыткарино г, Парковая ул, дом № 2",Время работы: 10:00-22:00
УНИВЕРМАГ,"Сахалинская обл, Южно-Сахалинск г, Ленина ул, дом № 123",Время работы: Пн-Пт 10:00-19:00; Сб 10:00-18:00; Вс 10:00-17:00
МАКСИ,"Архангельская обл, Архангельск г, Ленинградский пр-кт, дом № 38",Время работы: 10:00-21:00
МАТРИЦА,"Удмуртская респ, Ижевск г, Баранова ул, дом № 87",Время работы: 10:00-22:00
РЯЗАНСКИЙ ПРОСПЕКТ 46,"Москва г, Рязанский пр-кт, дом № 46, корпус 3",Время работы: 10:00-21:00
"СЕМЬЯ, 2 очередь, 1 этаж","Пермский край, Пермь г, Революции ул, дом № 13",Время работы: 10:00-22:00
ГУДВИН,"Тюменская обл, Тюмень г, Максима Горького ул, дом № 70",Время работы: 10:00-22:00
ОАЗИС ПЛАЗА,"Ханты-Мансийский Автономный округ - Югра АО, Нягань г, Ленина ул, дом № 28",Время работы: 10:00-22:00
ПАРК ХАУС БРАТЕЕВО,"Москва г, Бесединское ш., дом № 15",Время работы: 10:00-22:00
ВОЛНА,"Мурманская обл, Мурманск г, Ленинградская ул, дом № 20, корпус 3",Время работы: 10:00-21:00
СТРИТ ПРИВОКЗАЛЬНАЯ,"Московская обл, Павлово-Посадский р-н, Павловский Посад г, Привокзальная ул, дом № 22, корпус в",Время работы: 10:00-21:00
ГРИН ХАУЗ,"Саратовская обл, Балаково г, Трнавская ул, дом № 24",Время работы: 10:00-21:00
ИЮНЬ,"Республика Коми, Сыктывкар г, Октябрьский проспект, дом № 131, корпус 3",Время работы: 10:00-22:00
СТРИТ СОВЕТСТКАЯ,"Московская обл, Волоколамский р-н, Волоколамск г, Советская ул, дом № 1/1",Время работы: 10:00-20:00
ТРЦ САМОЛЕТ,"Ульяновская обл, Ульяновск г, Ульяновский пр-кт, дом № 1",Время работы: 10:00-21:00
ЮБИЛЕЙНЫЙ,"Волгоградская обл, Волгоград г, 50 лет Октября ул, дом № 15а",Время работы: 10:00-21:00
КОЛЛАЖ,"Пензенская обл, Пенза г, Строителей пр-кт, дом № 1В",Время работы: 10:00-22:00
СЕВЕР,"Оренбургская обл, Бузулук г, Комсомольская ул, дом № 81",Время работы: 10:00-23:00
ОКА,"Санкт-Петербург г, Колпино г, Октябрьская ул, дом № 8",Время работы: 10:00-22:00
АШАН ПРОЛЕТАРСКИЙ,"Москва г, Пролетарский пр-кт, дом № 30",Время работы: 10:00-22:00
БАЛАШОВСКИЙ ПАССАЖ,"Саратовская обл, Балашов г, Энтузиастов ул, дом № 1",Время работы: 9:00-21:00
МАНГО,"Москва г, Хабаровская ул, дом № 15",Время работы: 10:00-21:00
СПУТНИК,"Кемеровская обл, Юрга г, Машиностроителей ул, дом № 32",Время работы: 10:00-21:00
ЕГОРЬЕВСКИЙ ПАССАЖ,"Московская обл, Егорьевский г.о., Егорьевск г, Советская ул, дом № 121",Время работы: Пн-Сб 9:00-20:00; Вс 9:00-19:00
ЗЕФИР В МАРМЕЛАДЕ,"Владимирская обл, Муромский р-н, Муром г, Куликова ул, дом № 7, корпус А",Время работы: 9:00-21:00
КВАРТАЛ,"Москва г, Аминьевское ш, дом № 6",Время работы: 10:00-22:00
РИО,"Санкт-Петербург г, Фучика ул, дом № 2",Время работы: 10:00-22:00
АВИАТОР,"Приморский край, Артем г, Фрунзе ул, дом № 32, корпус А",Время работы: 10:00-20:00
"ТЦ Калейдоскоп,1 этаж","Краснодарский край, Темрюкский р-н, Темрюк г, Розы Люксембург ул, дом № 61",Время работы: 9:00-21:00
ГАЛАКТИКА,"Ханты-Мансийский Автономный округ - Югра ао, Когалым г, Дружбы Народов ул, дом № 60",Время работы: 10:00-22:00
Европа Сити Молл,"Волгоградская обл, Волгоград г, им В.И.Ленина пр-кт, дом № 54б",Время работы: 10:00-22:00
АКВАРЕЛЬ,"Московская обл, Пушкинский р-н, Пушкино г, тер. 33-й км автодороги М8 Холмогоры, дом № 18",Время работы: 10:00-22:00
МЕГАПОЛИС,"Москва г, Андропова пр-т, дом № 8",Время работы: 10:00-22:00
АКВАРЕЛЬ,"Москва г, Щербинка г, Железнодорожная ул, дом № 44",Время работы: 10:00-22:00
МАЯК МОЛЛ,"Омская обл, Омск г, Комарова пр-кт, дом № 6, корпус 1",Время работы: 10:00-21:00
Стрит Комсомольский проспект,"Пермский край, Пермь г, Комсомольский пр-кт, дом № 68",Время работы: 10:00-20:00
ИЮНЬ,"Башкортостан Респ, Уфимский р-н, Уфа г, Комсомольская ул, дом № 112",Время работы: 10:00-22:00
ФЕСТИВАЛЬ,"Москва г, Олимпийская деревня, Мичуринский пр-кт, дом № 3, корпус 1",Время работы: 10:00-22:00
СТРИТ ПРОСПЕКТ МИРА,"Московская обл, Фрязино г, проспект Мира, дом № 8",Время работы: 10:00-21:00
,"Ленинградская обл, Гатчинский р-н, Гатчина г, Соборная ул, дом № 17А",Время работы: 10:00-21:00
ЕВРОПАРК,"Архангельская обл, Архангельск г, Троицкий пр-кт, дом № 17",Время работы: 10:00-21:00
ВИВА БУТОВО,"Москва г, Поляны ул, дом № 8",Время работы: 10:00-22:00
МТРК МегаГРИНН,"Белгородская обл, Белгород г, Б.Хмельницкого пр-кт, дом № 137т",Время работы: 10:00-22:00
АШАН Вегас,"Московская обл, Ленинский р-н, МКАД 24 км, владение № 1",Время работы: 10:00-22:00
ГУДЗОН,"Москва г, Каширское ш, дом № 14",Время работы: 10:00-22:00
ГИПЕРСИТИ,"Курганская обл, Курган г, Коли Мяготина ул, дом № 8",Время работы: 10:00-22:00
РЕСПУБЛИКА,"Нижегородская обл, Нижний Новгород г, Революции пл, дом № 9",Время работы: 9:00-21:00
ТЦ СЛАВЯНСКИЙ,"Ямало-Ненецкий ао, Салехард г, Игарская ул, дом № 25, корпус 4",Время работы: 10:00-21:00
ДИНАСТИЯ,"Ямало-Ненецкий АО, Надым г, Игоря Шаповалова ул, дом № 8/1, 2",Время работы: 10:00-20:00
АШАН,"Московская обл, Мытищи г.о., Мытищи г, Осташковское ш, дом № 1",Время работы: 9:00-22:00
РУССКОЕ РАЗДОЛЬЕ,"Москва г, Сокольническая пл, дом № 9, корпус а",Время работы: 10:00-20:30
ВЕРШИНА,"Ставропольский край, Георгиевск г, Калинина ул, дом № 125а",Время работы: 10:00-22:00
GREEN PARK,"Ханты-Мансийский Автономный округ - Югра ао, Нижневартовск г, Ленина ул, дом № 8",Время работы: 10:00-22:00
ТК ВАШ ДОМ,"Липецкая обл, Елец г, Радиотехническая ул, дом № 5, корпус А1",Время работы: 9:00-21:00
ПРОЛЕТАРСКАЯ,"Волгоградская обл, Камышин г, Пролетарская ул, дом № 103 Г",Время работы: 8:30-20:00
МИР,"Коми Респ, Воркута г, Деповской пер, дом № 2",Время работы: 10:00-21:00
СТРИТ КАРЛА МАРКСА,"Омская обл, Омск г, Карла Маркса пр-кт, дом № 84",Время работы: 10:00-21:00
КОНТИНЕНТ,"Новосибирская обл, Новосибирск г, Троллейная ул, дом № 130а",Время работы: 10:00-21:00
ТЦ Гагаринский,"Нижегородская обл, Нижний Новгород г, Гагарина пр-кт, дом № 105А",Время работы: 9:00-21:00
"КОНТИНЕНТ, 1 этаж, бутик 147А","Омская обл, Омск г, 70 лет Октября ул, дом № 25, корпус 2",Время работы: 10:00-21:00
КИРИШИ ПЛАЗА,"Ленинградская обл, Киришский р-н, Кириши г, Героев пр-кт, дом № 33",Время работы: 10:00-21:00
ГЛОБУС,"Камчатский край, Петропавловск-Камчатский г, Вулканная ул, дом № 59",Время работы: 10:00-21:00
ЛЕТО,"Кировская обл, Киров г, Привокзальная пл, дом № 1",Время работы: 9:00-21:00
,"Еврейская Аобл, Биробиджан г, Шолом-Алейхема ул, дом № 10а",Время работы: 10:00-19:00
ЩЕЛКОВО,"Москва г, Щёлковское ш, дом № 100, корпус 100",Время работы: 10:00-22:00
М5 МОЛЛ,"Рязанская обл, Рязань г, Московское ш, дом № 65, корпус А",Время работы: 10:00-22:00
СОСНА,"Томская обл, Стрежевой г, Коммунальная ул, дом № 53, строение 2",Время работы: 10:00-21:00
ПЛОЩАДЬ,"Иркутская обл, Саянск г, Юбилейный мкр, дом № 16",Время работы: 10:00-20:00
ЦУМ,"Нижегородская обл, Нижний Новгород г, Фильченкова ул, дом № 10",Время работы: 09:00-21:00
АТРИУМ,"Московская обл, Ногинск г, 3-го Интернационала ул, дом № 64",Время работы: 10:00-21:00
КАРУСЕЛЬ,"Московская обл, Чеховский р-н, Чехов г, Симферопольское шоссе, дом № 1",Время работы: 10:00-22:00
КАПИТАЛ МОЛЛ,"Бурятия Респ, Улан-Удэ г, Автомобилистов пр-кт, дом № 4А",Время работы: 10:00-21:00
Гуливер,"Пензенская обл, Кузнецк г, Белинского ул, дом № 82Б",Время работы: 9:00-20:00
ТОЦ ЭКСПРЕСС,"Кемеровская область - Кузбасс, Новокузнецк г, Бардина пр-кт, дом № 2",Время работы: 10:00-21:00
ЛАЙНЕР,"Ханты-Мансийский Автономный округ - Югра АО, Югорск г, Октябрьская ул, дом № 2",Время работы: 10:00-22:00
ЭТАЖИ,"Дагестан респ, Махачкала г, Гамидова пр-кт, дом № 61, корпус А",Время работы: 10:00-21:00
АШАН СТРОГИНО,"Московская обл, Красногорск г, МКАД 66 километр, дом № 1",Время работы: 9:00-22:00
НЕБО,"Свердловская обл, Серов г, Ленина ул, дом № 215",Время работы: 10:00-21:00
КАЛИНА,"Кемеровская обл, Киселевск г, Западный проезд, дом № 3",Время работы: 10:00-21:00
ТРК Константиновский,"Санкт-Петербург г, Пушкин г, Полковая ул, дом № 1/25, корпус А",Время работы: 10:00-21:00
"Стрит Карла Маркса, 29","Омская обл, Омск г, Карла Маркса пр-кт, дом № 29",Время работы: 10:00-21:00
"ТЦ ТАИР, 2 этаж","Крым Респ, Керчь г, Маршала Еременко ул, дом № 30, корпус И",Время работы: 9:00-20:00
ВЕСНА,"Приморский край, Спасск-Дальний г, Советская ул, дом № 41",Время работы: 10:00-19:00
НОРД ХАУС,"Коми Респ, Усинск г, Парковая ул, дом № 8",Время работы: Пн-Сб 10:00-20:00; Вс 10:00-18:00
ПЕРЛОВСКИЙ,"Московская обл, Мытищи г, Селезнева ул, дом № 33",Время работы: 10:00-22:00
СТРИТ СИНЕВА,"Краснодарский край, Крымский р-н, Крымск г, Синева ул, дом № 9",Время работы: 9:00-20:00
ТРЦ Максимир,"Воронежская обл, Воронеж г, Ленинский пр-кт, дом № 174П",Время работы: 10:00-22:00
МЕГА ПАРНАС,"Ленинградская обл, Всеволожский р-н, Порошкино д, КАД (внешнее кольцо) 117 км, строение 1",Время работы: 10:00-22:00
